{"cameraMode":{"drawMode":0,"name":"Shaded","section":"Shading Mode"},"sceneLighting":true,"audioPlay":false,"sceneViewState":{"showFog":true,"showMaterialUpdate":true,"showSkybox":true,"showFlares":true,"showImageEffects":true,"showParticleSystems":true},"in2DMode":false,"pivot":{"x":-10.992948532104493,"y":20.37276268005371,"z":5.381591320037842},"rotation":{"x":-0.31302115321159365,"y":-0.681473970413208,"z":0.4099411368370056,"w":-0.5195613503456116},"size":6.457885265350342,"orthographic":false}