{"cameraMode":{"drawMode":0,"name":"Shaded","section":"Shading Mode"},"sceneLighting":true,"audioPlay":false,"sceneViewState":{"showFog":true,"showMaterialUpdate":true,"showSkybox":true,"showFlares":true,"showImageEffects":true,"showParticleSystems":true},"in2DMode":false,"pivot":{"x":18.964981079101564,"y":10.822452545166016,"z":13.12885856628418},"rotation":{"x":0.3511678874492645,"y":-0.016147391870617868,"z":0.006462352816015482,"w":0.9363635182380676},"size":6.457885265350342,"orthographic":false}