{"cameraMode":{"drawMode":0,"name":"Shaded","section":"Shading Mode"},"sceneLighting":true,"audioPlay":false,"sceneViewState":{"showFog":true,"showMaterialUpdate":true,"showSkybox":true,"showFlares":true,"showImageEffects":true,"showParticleSystems":true},"in2DMode":false,"pivot":{"x":19.147294998168947,"y":8.275164604187012,"z":14.376779556274414},"rotation":{"x":-0.5076116323471069,"y":0.11061912029981613,"z":-0.06628315150737763,"w":-0.8521007299423218},"size":1.1662274599075318,"orthographic":false}