{"cameraMode":{"drawMode":0,"name":"Shaded","section":"Shading Mode"},"sceneLighting":true,"audioPlay":false,"sceneViewState":{"showFog":true,"showMaterialUpdate":true,"showSkybox":true,"showFlares":true,"showImageEffects":true,"showParticleSystems":true},"in2DMode":false,"pivot":{"x":13.20288372039795,"y":13.604941368103028,"z":13.793155670166016},"rotation":{"x":-0.5602344870567322,"y":-0.1768273115158081,"z":0.12324684858322144,"w":-0.8000199794769287},"size":0.5715780258178711,"orthographic":false}